en|https://www.rarlab.com/rar/winrar-x64-710.exe|fd635707f7b8f122efff39da595541627bcde249eb31596cc09d757f476b9523
am|https://www.rarlab.com/rar/winrar-x64-710am.exe|24f34fe6200b90b5dd71ce6da524f24b093412257f34f8c8ff1d658309def950
az|https://www.rarlab.com/rar/winrar-x64-710az.exe|a8e9135fee73844f843abca92a64caff62c2da2d8694f65c04cca113007f637b
bg|https://www.rarlab.com/rar/winrar-x64-710bg.exe|a10314f076d1b3f8e62ed399336b61b871970e2dc836ae2de49d8652c73198b2
tc|https://www.rarlab.com/rar/winrar-x64-710tc.exe|e768005019b7ecbc04d13b1aa012febd75455b3625e5c92f18e5f288bea88670
dk|https://www.rarlab.com/rar/winrar-x64-710dk.exe|ab05b3ae93deea564ccccf90170e2b1cf064ae424290dc98477e90b5e8709116
en|https://www.rarlab.com/rar/winrar-x64-710.exe|fd635707f7b8f122efff39da595541627bcde249eb31596cc09d757f476b9523
fr|https://www.rarlab.com/rar/winrar-x64-710fr.exe|3decd4df557e2f15bacc08a7aaa31c5568ad80f0a525494fa63f53e117b42931
d|https://www.rarlab.com/rar/winrar-x64-710d.exe|b6b3f4ba08acf2b89407ccc840ee699b6f729219d5ce7e9ead58fb33e1089c41
hu|https://www.rarlab.com/rar/winrar-x64-710hu.exe|a8ed48dd4db97dc9965cf4929b95010f8a592edf2db7ece81338afc69a2d0730
id|https://www.rarlab.com/rar/winrar-x64-710id.exe|8666c6c27497da8712605135ddaaa0ee969b36078a70aeb05e6a1f4bf786652e
kr|https://www.rarlab.com/rar/winrar-x64-710kr.exe|fc04fe4e9441a03fd85bd00bee75186af6ba05c0a37ce9d58079e0138ea6b1be
lt|https://www.rarlab.com/rar/winrar-x64-710lt.exe|7905f9c797d4a92026e99ab23d4bf18f99053c6efcb39b1f288bc79cfcf246e3
mn|https://www.rarlab.com/rar/winrar-x64-710mn.exe|6314de4f47bc4eb1c8b0800e0c5b913b9a9041180923a808964a15ceb2b9868a
pt|https://www.rarlab.com/rar/winrar-x64-710pt.exe|31b39d6bfe770010ca877b286405ca3a9828a194d263551c573e54ff08c53f8a
br|https://www.rarlab.com/rar/winrar-x64-710br.exe|b658bfda2209e9a208aba2d22561f5938de1c22c591b81af48ffe5892b1a4de6
ro|https://www.rarlab.com/rar/winrar-x64-710ro.exe|338b577425d778a955f458a18e5d55bdbfc60c1a25c2ceb7c74a936fa701c6d5
ru|https://www.rarlab.com/rar/winrar-x64-710ru.exe|1b24aaf1debec72d0e452d0f3289747e97ae10c5fb441480ff23fb341e9f55c1
slv|https://www.rarlab.com/rar/winrar-x64-710slv.exe|c593673839feb9612b6d631a30009a45c4019d6097ce875705dbc8f00bfa798b
sw|https://www.rarlab.com/rar/winrar-x64-710sw.exe|0b145b230d8364a954d3f50964555d09463598f7cb640ae921123ac2765d9b65
th|https://www.rarlab.com/rar/winrar-x64-710th.exe|cbb48f10e8898041e7b8cf17742ac301a4d1afad4951b6844c7dd170aff9f6a0
tr|https://www.rarlab.com/rar/winrar-x64-710tr.exe|713e9a3e04407ce2bef8435e22990a8b8f90efe02b9e8de41cdfa2f9d4fec851
